Nr;Data i czas;Przewodnosc 1 [µS/cm] (3);Przewodnosc 2 [µS/cm] (4);Przewodnosc 3 [µS/cm] (9);Przewodnosc 4 [µS/cm] (10);Przewodnosc 5 [µS/cm] (11);Przewodnosc 6 [µS/cm] (12)
1;2024-04-03 15:07:27,2;825,8482;578,0889;619,5571;3274,3637;2,3111;-4999,8205
2;2024-04-03 15:19:43,6;219,5289;184,7665;202,3523;890,5565;2,495;-4999,9118
3;2024-04-03 15:19:46,6;219,723;186,3003;204,214;895,369;2,4253;-4999,9494
4;2024-04-03 15:19:49,6;219,7415;186,3058;202,9948;896,9945;2,3761;-4999,8891
5;2024-04-03 15:19:52,6;219,7233;184,6592;203,6932;894,0227;2,3614;-4999,9753
6;2024-04-03 15:19:55,6;219,6771;186,32;204,7084;891,9884;2,3832;-4999,9945
7;2024-04-03 15:19:58,6;219,7263;186,8255;204,8504;892,8491;2,4043;-4999,93
8;2024-04-03 15:20:01,6;219,5848;186,926;204,8038;891,8865;2,4056;-4999,8827
9;2024-04-03 15:20:04,6;219,671;186,9845;203,1818;888,4782;2,5026;-4999,9738
10;2024-04-03 15:20:07,6;219,6625;185,3884;202,651;893,7791;2,3312;-4999,8737
11;2024-04-03 15:20:10,6;219,6966;185,6075;203,3006;893,3137;2,3848;-4999,9505
12;2024-04-03 15:20:13,7;219,63;186,7332;204,6208;889,9923;2,4421;-4999,9058
13;2024-04-03 15:20:16,7;219,6998;186,9897;204,8893;893,4589;2,3411;-4999,9624
14;2024-04-03 15:20:19,7;219,6967;188,421;205,8886;895,4577;2,3286;-4999,9126
15;2024-04-03 15:20:22,7;219,7737;209,9506;239,8601;895,892;2,313;-4999,845
16;2024-04-03 15:20:25,7;219,6335;262,299;286,1345;892,99;2,3695;-4999,9103
17;2024-04-03 15:20:28,7;219,6173;273,9436;306,8291;893,6096;2,4835;-4999,9634
18;2024-04-03 15:20:31,7;219,7168;273,6843;319,3704;892,1813;2,3548;-4999,9918
19;2024-04-03 15:20:34,7;219,678;282,1818;314,9954;893,2559;2,3469;-4999,9982
20;2024-04-03 15:20:37,7;219,595;286,3474;314,9946;888,3198;2,3347;-4999,9996
21;2024-04-03 15:20:40,7;219,6596;294,1089;306,7561;894,0625;2,5239;-4999,879
22;2024-04-03 15:20:43,7;219,6457;290,6412;316,5173;895,9551;2,2867;-4999,8945
23;2024-04-03 15:20:46,7;219,6506;277,3642;326,0516;892,5107;2,3571;-4999,9413
24;2024-04-03 15:20:49,7;219,6075;272,4676;316,7215;890,8541;2,3849;-4999,9215
25;2024-04-03 15:20:52,7;219,6727;276,0085;307,4352;892,0044;2,5029;-4999,9203
26;2024-04-03 15:20:55,7;238,1009;290,8785;315,5653;898,2393;2,4288;-4999,8817
27;2024-04-03 15:20:58,7;272,355;288,0762;324,5412;962,3931;2,3167;-4999,9736
28;2024-04-03 15:21:01,7;287,8942;294,8014;318,0003;1145,9335;2,3298;-4999,9478
29;2024-04-03 15:21:04,7;305,9771;289,0259;330,1563;1304,5647;2,3001;-4999,9196
30;2024-04-03 15:21:07,7;330,3046;301,0304;337,6739;1349,4188;2,4873;-4999,9821
31;2024-04-03 15:21:10,7;335,6319;306,7651;328,1605;1372,3878;2,4326;-4999,953
32;2024-04-03 15:21:13,7;331,6626;295,8601;331,5678;1423,411;2,4596;-4999,9659
33;2024-04-03 15:21:16,7;342,3965;291,2423;340,6006;1433,9659;2,3766;-4999,9314
34;2024-04-03 15:21:19,7;352,6152;295,5526;352,5052;1447,3002;2,4215;-4999,9512
35;2024-04-03 15:21:22,7;347,9442;312,097;355,9037;1518,0984;2,3381;-4999,9733
36;2024-04-03 15:21:25,7;350,0591;315,7281;364,2406;1569,8205;2,3503;-4999,9368
37;2024-04-03 15:21:28,7;356,9268;315,4275;360,6471;1542,9615;2,3801;-4999,9859
38;2024-04-03 15:21:31,7;366,6855;322,8717;370,9147;1521,7273;2,3621;-4999,8854
39;2024-04-03 15:21:34,7;373,9383;324,6805;382,9716;1528,9452;2,5206;-4999,9744
40;2024-04-03 15:21:37,7;376,4395;326,5456;376,8174;1555,9498;2,4385;-4999,9943
41;2024-04-03 15:21:40,7;377,0013;339,3645;370,3252;1564,5741;2,3641;-4999,9202
42;2024-04-03 15:21:43,7;377,9851;344,4487;361,8539;1568,6841;2,3731;-4999,8982
43;2024-04-03 15:21:46,7;381,5991;346,2945;352,7712;1593,918;2,4437;-4999,9344
44;2024-04-03 15:21:49,7;390,4599;345,2498;369,201;1612,0606;2,4332;-4999,8853
45;2024-04-03 15:21:52,7;389,8387;332,979;373,644;1639,3142;2,5686;-4999,8872
46;2024-04-03 15:21:55,7;394,1116;329,2877;370,9916;1661,7278;2,5378;-4999,9074
47;2024-04-03 15:21:58,7;393,8825;339,6494;383,3731;1676,3875;2,4256;-4999,9048
48;2024-04-03 15:22:01,7;398,5049;346,8654;401,9574;1687,531;2,3513;-4999,8909
49;2024-04-03 15:22:04,7;412,5223;350,1391;403,9722;1663,5663;2,3351;-4999,8494
50;2024-04-03 15:22:07,7;416,7923;347,6058;405,1094;1665,8241;2,4101;-4999,8158
51;2024-04-03 15:22:10,7;414,4337;343,429;403,2219;1650,8911;2,4582;-4999,8954
52;2024-04-03 15:22:13,7;411,7525;352,7971;400,8488;1677,5998;2,4306;-4999,9255
53;2024-04-03 15:22:16,7;414,8364;365,0483;416,9238;1706,8799;2,3586;-4999,831
54;2024-04-03 15:22:19,7;420,2473;358,0312;417,1254;1725,3878;2,3469;-4999,8879
55;2024-04-03 15:22:22,7;430,2381;356,1237;412,7268;1748,5568;2,3791;-4999,8793
56;2024-04-03 15:22:25,7;428,0667;359,7922;411,5272;1757,3078;2,4333;-4999,9731
57;2024-04-03 15:22:28,7;428,9463;364,1758;414,23;1772,0129;2,303;-4999,9551
58;2024-04-03 15:22:31,7;435,1906;369,3391;416,952;1791,6889;2,4352;-4999,9757
59;2024-04-03 15:22:34,7;438,768;375,1921;416,2956;1790,3434;2,3963;-4999,9257
60;2024-04-03 15:22:37,7;444,0955;379,6902;427,7485;1813,2736;2,4185;-4999,884
61;2024-04-03 15:22:40,7;449,1236;379,7503;439,8157;1855,6587;2,4071;-4999,9505
62;2024-04-03 15:22:43,7;454,3691;373,4616;442,0964;1859,4149;2,5303;-4999,9391
63;2024-04-03 15:22:46,7;461,911;372,693;434,1603;1851,8487;2,4253;-4999,9512
64;2024-04-03 15:22:49,7;466,7039;376,4631;437,2012;1875,8423;2,3615;-4999,9698
65;2024-04-03 15:22:52,7;467,8752;375,5573;438,9857;1928,2794;2,4168;-4999,9933
66;2024-04-03 15:22:55,7;468,9241;374,7564;435,9962;1982,0719;2,3926;-4999,9131
67;2024-04-03 15:22:58,7;468,9749;374,2953;443,9411;2000,1468;2,4333;-4999,7966
68;2024-04-03 15:23:01,7;472,7791;377,0541;457,4733;1981,0235;2,4531;-4999,938
69;2024-04-03 15:23:04,7;478,7449;379,4573;453,6233;1978,0635;2,3931;-4999,9338
70;2024-04-03 15:23:07,7;483,1978;381,9623;447,211;1987,8119;2,2249;-4999,9411
71;2024-04-03 15:23:10,7;487,0472;388,5152;447,6574;1998,7934;2,4626;-4999,8889
72;2024-04-03 15:23:13,7;495,3475;390,6752;450,1628;2003,0412;2,4632;-4999,9528
73;2024-04-03 15:23:16,7;502,0939;392,0387;445,8835;2009,1348;2,4242;-4999,9737
74;2024-04-03 15:23:19,7;507,6126;392,1279;453,8842;2022,6509;2,2243;-4999,9941
75;2024-04-03 15:23:22,7;512,8214;391,3761;459,3083;2039,8326;2,3928;-4999,9612
76;2024-04-03 15:23:25,7;515,7424;390,7993;458,2931;2045,2104;2,4456;-4999,9739
77;2024-04-03 15:23:28,7;514,4444;390,3677;455,5808;2046,946;2,4352;-4999,9219
78;2024-04-03 15:23:31,7;518,7547;397,2866;459,4389;2046,0137;2,4746;-4999,9507
79;2024-04-03 15:23:34,7;521,7303;405,1954;472,9943;2049,2751;2,39;-4999,989
80;2024-04-03 15:23:37,7;520,4607;404,4343;476,1753;2058,6391;2,509;-4999,9437
81;2024-04-03 15:23:40,7;516,2679;403,7404;473,6023;2065,0313;2,4281;-4999,9874
82;2024-04-03 15:23:43,7;514,6076;407,3469;473,7853;2057,2226;2,4822;-4999,8774
83;2024-04-03 15:23:46,7;511,9095;407,3369;470,3869;2071,053;2,4238;-4999,9727
84;2024-04-03 15:23:49,7;516,1439;413,2639;469,4577;2082,8749;2,4481;-4999,894
85;2024-04-03 15:23:52,7;522,75;415,7643;473,3728;2118,1568;2,3507;-4999,9096
86;2024-04-03 15:23:55,7;533,0207;417,3025;478,7456;2149,3149;2,4126;-4999,8726
87;2024-04-03 15:23:58,7;537,0741;414,7379;473,3383;2175,6701;2,3621;-4999,9244
88;2024-04-03 15:24:01,7;536,3087;414,0041;468,6375;2196,1615;2,4421;-4999,9443
89;2024-04-03 15:24:04,7;536,8943;410,1732;476,3196;2196,2718;2,4505;-4999,9078
90;2024-04-03 15:24:07,7;536,8221;410,9975;483,1456;2198,8838;2,5248;-4999,9559
91;2024-04-03 15:24:10,7;537,3508;415,4363;483,7322;2214,6686;2,4506;-4999,8903
92;2024-04-03 15:24:13,7;540,7632;417,3163;484,0055;2236,3728;2,5504;-4999,846
93;2024-04-03 15:24:16,7;542,7078;416,2806;493,4799;2261,6494;2,4683;-4999,858
94;2024-04-03 15:24:19,7;545,109;413,3309;502,9055;2279,9502;2,3954;-4999,8879
95;2024-04-03 15:24:22,7;545,9534;413,2293;502,7736;2276,7641;2,4328;-4999,8979
96;2024-04-03 15:24:25,7;549,291;417,9411;496,8086;2270,3833;2,3015;-4999,8338
97;2024-04-03 15:24:28,7;551,357;416,8318;494,9143;2272,3232;2,4515;-4999,8896
98;2024-04-03 15:24:31,7;549,6827;417,2492;498,4158;2276,5362;2,4613;-4999,8804
99;2024-04-03 15:24:34,7;550,8607;418,823;501,0974;2295,8328;2,3435;-4999,9065
100;2024-04-03 15:24:37,7;552,2647;421,7768;504,7814;2310,7409;2,2881;-4999,9122
101;2024-04-03 15:24:40,7;555,6473;423,7962;507,0198;2328,4035;2,5529;-4999,8781
102;2024-04-03 15:24:43,7;561,9373;424,1274;509,4622;2342,5113;2,3396;-4999,9385
103;2024-04-03 15:24:46,7;566,2694;428,8341;507,3606;2331,6198;2,4257;-4999,8879
104;2024-04-03 15:24:49,7;565,237;427,8548;504,4504;2343,0201;2,5205;-4999,8347
105;2024-04-03 15:24:52,7;573,2044;427,6468;504,3482;2344,1551;2,45;-4999,8656
106;2024-04-03 15:24:55,7;579,3826;428,7957;508,8524;2347,9153;2,398;-4999,7705
107;2024-04-03 15:24:58,7;582,69;430,5722;522,7989;2357,7236;2,4126;-4999,933
108;2024-04-03 15:25:01,7;580,4722;431,9427;528,3907;2346,2529;2,348;-4999,9256
109;2024-04-03 15:25:04,7;575,9459;435,0087;521,6809;2343,4803;2,4357;-4999,9473
110;2024-04-03 15:25:07,7;577,3792;435,2123;516,6173;2354,0463;2,4863;-4999,8659
111;2024-04-03 15:25:10,7;578,757;435,2142;516,9386;2361,8319;2,4732;-4999,8642
112;2024-04-03 15:25:13,7;579,4604;439,3735;516,9085;2382,2322;2,4044;-4999,9697
113;2024-04-03 15:25:16,7;583,0764;440,5344;517,5893;2406,3354;2,3347;-4999,9022
114;2024-04-03 15:25:19,7;584,5468;442,3431;518,9221;2426,7426;2,4817;-4999,9187
115;2024-04-03 15:25:22,7;583,9796;445,4248;514,932;2405,4496;2,4527;-4999,9389
116;2024-04-03 15:25:25,7;585,9687;447,2526;513,0155;2382,197;2,3564;-4999,9628
117;2024-04-03 15:25:28,7;593,7938;451,99;515,3556;2408,8079;2,3135;-4999,7818
118;2024-04-03 15:25:31,7;597,2937;450,661;526,2784;2429,4501;2,4385;-4999,9124
119;2024-04-03 15:25:34,7;596,82;446,1058;530,9472;2428,4271;2,4408;-4999,835
120;2024-04-03 15:25:37,7;598,8284;445,7779;521,9483;2450,2499;2,2285;-4999,9448
121;2024-04-03 15:25:40,7;602,7493;450,9508;517,3693;2478,1071;2,465;-4999,9212
122;2024-04-03 15:25:43,7;605,9761;455,2201;524,827;2479,27;2,3504;-4999,9325
123;2024-04-03 15:25:46,7;609,9496;454,4872;530,0831;2488,3562;2,3375;-4999,8014
124;2024-04-03 15:25:49,7;613,2295;454,6212;530,9957;2506,551;2,2683;-4999,8965
125;2024-04-03 15:25:52,7;616,3429;457,4551;535,7857;2508,3651;2,5511;-4999,9104
126;2024-04-03 15:25:55,7;617,379;458,9798;536,4365;2523,4092;2,3754;-4999,8611
127;2024-04-03 15:25:58,7;619,659;457,258;538,7857;2534,3222;2,3912;-4999,9206
128;2024-04-03 15:26:01,7;621,3362;456,0108;541,8785;2545,4134;2,3725;-4999,8309
129;2024-04-03 15:26:04,7;625,0313;458,514;539,5566;2534,2366;2,5123;-4999,8467
130;2024-04-03 15:26:07,7;625,5019;459,0002;540,4245;2529,4089;2,3869;-4999,9244
131;2024-04-03 15:26:10,7;627,3415;459,3296;543,893;2521,4715;2,3174;-4999,8658
132;2024-04-03 15:26:13,7;629,8558;460,7643;545,1437;2520,234;2,3385;-4999,8371
133;2024-04-03 15:26:16,7;631,3677;460,5768;544,751;2525,5733;2,3629;-4999,8615
134;2024-04-03 15:26:19,7;628,301;464,7526;545,8951;2535,0219;2,3807;-4999,8956
135;2024-04-03 15:26:22,7;628,9166;462,2399;547,4053;2553,2855;2,3332;-4999,9593
136;2024-04-03 15:26:25,7;628,3378;466,5929;550,4338;2553,876;2,3892;-4999,8667
137;2024-04-03 15:26:28,7;627,3065;469,2366;550,2785;2558,9577;2,3688;-4999,8522
138;2024-04-03 15:26:31,7;627,1082;471,2666;546,969;2561,5431;2,4691;-4999,93
139;2024-04-03 15:26:34,7;630,7274;471,1009;548,5324;2559,1803;2,3289;-4999,9093
140;2024-04-03 15:26:37,7;632,1889;471,3394;550,8708;2550,4908;2,356;-4999,8698
141;2024-04-03 15:26:40,7;636,1444;467,9449;551,746;2549,8383;2,2937;-4999,8541
142;2024-04-03 15:26:43,7;636,815;471,0923;551,6749;2552,2276;2,2373;-4999,8671
143;2024-04-03 15:26:46,7;637,8546;473,8753;551,5468;2557,9011;2,3795;-4999,952
144;2024-04-03 15:26:49,7;639,3434;474,4187;552,4855;2563,2804;2,5552;-4999,829
145;2024-04-03 15:26:52,7;638,8635;472,6146;558,8026;2574,4256;2,4532;-4999,8892
146;2024-04-03 15:26:55,7;640,8259;474,2711;566,0277;2581,4913;2,297;-4999,9336
147;2024-04-03 15:26:58,7;641,7278;474,0654;568,9263;2587,2456;2,4958;-4999,9694
148;2024-04-03 15:27:01,7;642,4713;474,784;565,6345;2612,0314;2,4467;-4999,8258
149;2024-04-03 15:27:04,7;645,1343;476,1561;567,3109;2639,3427;2,3697;-4999,8972
150;2024-04-03 15:27:07,7;652,6879;478,4385;567,0831;2632,678;2,226;-4999,8739
151;2024-04-03 15:27:10,7;657,0009;485,9557;569,9767;2625,9181;2,2883;-4999,7852
152;2024-04-03 15:27:13,7;658,3581;482,9434;573,5351;2642,9016;2,5556;-4999,8635
153;2024-04-03 15:27:16,7;659,9496;480,7279;574,4917;2655,9143;2,3589;-4999,8219
154;2024-04-03 15:27:19,7;661,219;481,3461;573,6378;2666,3051;2,4882;-4999,9315
155;2024-04-03 15:27:22,7;665,277;484,5507;573,6005;2686,9282;2,4041;-4999,9847
156;2024-04-03 15:27:25,7;669,641;487,7546;578,8165;2694,4875;2,43;-4999,9966
157;2024-04-03 15:27:28,7;671,6394;490,382;581,9121;2701,2538;2,3835;-4999,9992
158;2024-04-03 15:27:31,7;671,1618;490,8734;580,0831;2703,5464;2,39;-4999,9514
159;2024-04-03 15:27:34,7;670,3796;489,9119;581,9048;2708,2673;2,4697;-4999,9228
160;2024-04-03 15:27:37,7;667,0315;489,6369;587,5999;2712,2122;2,4124;-4999,9276
161;2024-04-03 15:27:40,7;673,2168;489,412;588,1865;2723,0539;2,4611;-4999,9495
162;2024-04-03 15:27:43,7;680,67;490,3237;590,1737;2722,0317;2,5425;-4999,9553
163;2024-04-03 15:27:46,7;682,8134;493,3568;590,0936;2738,4257;2,5549;-4999,9115
164;2024-04-03 15:27:49,7;681,341;494,9793;588,636;2736,1193;2,3991;-4999,855
165;2024-04-03 15:27:52,7;680,4086;493,9844;590,9707;2735,0117;2,405;-4999,8656
166;2024-04-03 15:27:55,7;681,1142;496,046;589,6655;2748,2509;2,4293;-4999,8899
167;2024-04-03 15:27:58,7;685,7265;493,8454;584,9426;2762,7518;2,3592;-4999,8602
168;2024-04-03 15:28:01,7;688,2511;494,4187;585,359;2795,845;2,3211;-4999,8546
169;2024-04-03 15:28:04,7;689,5598;495,8745;590,3784;2790,2214;2,3647;-4999,8887
170;2024-04-03 15:28:07,7;687,5335;496,4054;592,0019;2793,1075;2,4624;-4999,9752
171;2024-04-03 15:28:10,7;687,0251;496,2881;589,6248;2803,4393;2,4983;-4999,8946
172;2024-04-03 15:28:13,7;686,744;496,2476;595,6018;2818,4928;2,482;-4999,943
173;2024-04-03 15:28:16,7;689,0206;497,5276;597,8353;2813,0215;2,478;-4999,7479
174;2024-04-03 15:28:19,7;695,7896;500,4757;598,3932;2809,1539;2,4834;-4999,8151
175;2024-04-03 15:28:22,7;697,9816;502,3421;599,3465;2820,0787;2,4189;-4999,9076
176;2024-04-03 15:28:25,7;699,811;502,8547;601,6693;2837,9253;2,4641;-4999,8923
177;2024-04-03 15:28:28,7;703,059;502,6947;601,2418;2835,3845;2,5157;-4999,8267
178;2024-04-03 15:28:31,7;704,0066;501,499;599,0085;2838,3601;2,4381;-4999,8959
179;2024-04-03 15:28:34,7;703,6606;498,8373;594,7933;2841,7558;2,4352;-4999,7883
180;2024-04-03 15:28:37,7;701,9063;501,1526;595,5378;2836,5449;2,3546;-4999,8981
181;2024-04-03 15:28:40,7;704,3047;504,8159;603,4126;2838,3687;2,38;-4999,9773
182;2024-04-03 15:28:43,7;704,1378;505,4272;609,1516;2842,0602;2,4217;-4999,9713
183;2024-04-03 15:28:46,7;706,0173;503,3594;610,3008;2856,7469;2,4329;-4999,8902
184;2024-04-03 15:28:49,7;707,2232;504,1293;608,0299;2862,7686;2,4434;-4999,8663
185;2024-04-03 15:28:52,7;709,8513;507,8242;609,163;2862,0881;2,6233;-4999,8152
186;2024-04-03 15:28:55,7;713,5088;511,72;609,3664;2872,2122;2,5374;-4999,9413
187;2024-04-03 15:28:58,7;712,3614;510,9807;609,5928;2881,0225;2,3524;-4999,8633
188;2024-04-03 15:29:01,7;714,2008;511,4773;612,0455;2882,6394;2,3843;-4999,9315
189;2024-04-03 15:29:04,7;714,6927;513,4575;613,354;2883,8668;2,3569;-4999,9193
190;2024-04-03 15:29:07,7;718,0188;514,3593;613,1067;2882,3151;2,3519;-4999,982
191;2024-04-03 15:29:10,7;721,4767;516,4351;611,6059;2900,4656;2,4794;-4999,9625
192;2024-04-03 15:29:13,7;728,0392;513,1118;615,291;2932,1136;2,4028;-4999,9193
193;2024-04-03 15:29:16,7;736,9465;510,9607;618,4888;2945,8133;2,4493;-4999,9203
194;2024-04-03 15:29:19,7;739,9484;510,3722;618,1308;2970,7866;2,3652;-4999,931
195;2024-04-03 15:29:22,7;743,7454;511,8648;617,5739;2972,7607;2,3975;-4999,7706
196;2024-04-03 15:29:25,7;746,6479;513,1525;618,783;2977,3162;2,3332;-4999,9264
197;2024-04-03 15:29:28,7;747,1631;511,0408;618,7548;2982,6426;2,4544;-4999,8856
198;2024-04-03 15:29:31,7;748,285;511,2249;621,2658;2980,6125;2,37;-4999,8279
199;2024-04-03 15:29:34,7;749,1707;512,5971;623,7867;2987,1417;2,4452;-4999,9616
200;2024-04-03 15:29:37,7;747,4088;515,9545;622,0863;2984,6456;2,3557;-4999,9748
201;2024-04-03 15:29:40,7;747,52;520,0406;619,6962;2970,3444;2,3768;-4999,8999
202;2024-04-03 15:29:43,7;749,5796;520,8534;623,2689;2968,0449;2,3885;-4999,9593
203;2024-04-03 15:29:46,7;752,8075;519,9659;624,7357;2958,5536;2,3623;-4999,9448
204;2024-04-03 15:29:49,7;753,3562;526,8256;623,6672;2959,2511;2,4908;-4999,9376
205;2024-04-03 15:29:52,7;753,3069;525,842;623,38;2954,8767;2,4175;-4999,797
206;2024-04-03 15:29:55,7;754,3849;520,027;624,5644;2972,3921;2,4766;-4999,8952
207;2024-04-03 15:29:58,7;754,206;521,8782;625,0917;2968,7411;2,3721;-4999,8838
208;2024-04-03 15:30:01,7;754,6139;521,5899;628,4143;2994,7738;2,2231;-4999,9575
209;2024-04-03 15:30:04,7;752,1882;523,3532;626,6186;2994,6077;2,3436;-4999,8677
210;2024-04-03 15:30:07,7;750,6591;523,4409;626,9091;3008,6988;2,5168;-4999,8641
211;2024-04-03 15:30:10,7;750,0965;524,1004;627,5665;3004,2735;2,4521;-4999,8558
212;2024-04-03 15:30:13,7;750,723;524,2362;630,6975;3000,2482;2,31;-4999,8666
213;2024-04-03 15:30:16,7;752,9256;524,3952;630,7366;3015,6713;2,4915;-4999,8924
214;2024-04-03 15:30:19,7;755,5234;524,8708;630,7786;3019,0343;2,4911;-4999,8554
215;2024-04-03 15:30:22,7;754,8196;527,9623;630,3199;3031,6597;2,47;-4999,9151
216;2024-04-03 15:30:25,7;752,8114;529,303;636,2858;3045,0686;2,4262;-4999,9118
217;2024-04-03 15:30:28,7;755,568;526,5694;637,3436;3057,5287;2,5667;-4999,9529
218;2024-04-03 15:30:31,7;758,2814;524,7902;637,567;3058,3258;2,468;-4999,9659
219;2024-04-03 15:30:34,7;759,5104;529,4093;638,4774;3035,0364;2,3783;-4999,9372
220;2024-04-03 15:30:37,7;759,8551;529,6459;638,5243;3050,4611;2,494;-4999,8776
221;2024-04-03 15:30:40,7;761,1354;527,2046;639,3964;3053,7019;2,6388;-4999,9584
222;2024-04-03 15:30:43,7;761,9931;531,5828;640,6911;3057,5311;2,592;-4999,9331
223;2024-04-03 15:30:46,7;764,942;533,4752;643,7701;3064,7254;2,5206;-4999,9533
224;2024-04-03 15:30:49,7;762,5566;534,5214;641,5778;3072,4071;2,4006;-4999,9712
225;2024-04-03 15:30:52,7;762,0544;534,1609;640,0602;3083,1085;2,4802;-4999,9437
226;2024-04-03 15:30:55,7;762,7293;532,224;641,3269;3098,9902;2,3634;-4999,9691
227;2024-04-03 15:30:58,7;764,6181;531,4477;644,7493;3090,2862;2,4343;-4999,9229
228;2024-04-03 15:31:01,7;766,0107;532,5007;642,797;3081,6969;2,5619;-4999,9439
229;2024-04-03 15:31:04,7;766,6445;534,7346;644,6381;3085,6704;2,5765;-4999,9269
230;2024-04-03 15:31:07,7;768,4516;534,2857;647,9164;3094,9751;2,3748;-4999,9837
231;2024-04-03 15:31:10,7;771,0392;536,2868;650,1552;3086,2971;2,5786;-4999,9439
232;2024-04-03 15:31:13,7;769,2089;535,3036;651,2887;3110,6843;2,5495;-4999,9122
233;2024-04-03 15:31:16,7;770,6587;536,9507;650,2208;3102,9729;2,3562;-4999,9638
234;2024-04-03 15:31:19,7;773,2398;537,956;651,8673;3092,4871;2,311;-4999,9209
235;2024-04-03 15:31:22,7;773,2255;539,2942;648,358;3111,4369;2,4793;-4999,9324
236;2024-04-03 15:31:25,7;774,8757;538,802;649,9691;3106,3634;2,5304;-4999,9523
237;2024-04-03 15:31:28,7;779,524;539,9932;649,9224;3112,6261;2,5492;-4999,8821
238;2024-04-03 15:31:31,7;781,9358;539,4817;647,4965;3131,1151;2,5715;-4999,8446
239;2024-04-03 15:31:34,7;781,1624;538,3675;649,0308;3110,2;2,4037;-4999,8385
240;2024-04-03 15:31:37,7;786,06;538,0451;649,4292;3107,5565;2,3837;-4999,8105
241;2024-04-03 15:31:40,7;784,2356;539,1357;652,6019;3122,0704;2,4871;-4999,773
242;2024-04-03 15:31:43,7;783,2767;539,8226;653,3019;3130,9973;2,4797;-4999,8242
243;2024-04-03 15:31:46,7;782,0163;542,0371;656,3853;3139,7999;2,4011;-4999,879
244;2024-04-03 15:31:49,7;783,9648;541,9627;657,2849;3146,6605;2,3955;-4999,8828
245;2024-04-03 15:31:52,7;790,4036;541,1053;659,5036;3149,8341;2,483;-4999,9096
246;2024-04-03 15:31:55,7;788,6877;541,0974;656,6221;3154,631;2,5001;-4999,8871
247;2024-04-03 15:31:58,7;787,4839;544,4656;657,0219;3147,5731;2,4238;-4999,9166
248;2024-04-03 15:32:01,7;787,7622;544,8729;663,7496;3158,4102;2,4693;-4999,9293
249;2024-04-03 15:32:04,7;788,3084;543,9587;666,4839;3167,5058;2,4354;-4999,8375
250;2024-04-03 15:32:07,7;786,2918;545,3313;663,0058;3168,2012;2,4709;-4999,8277
251;2024-04-03 15:32:10,7;788,3603;545,6917;662,6766;3165,3913;2,5958;-4999,8688
252;2024-04-03 15:32:13,7;789,1724;546,0461;662,5143;3161,5094;2,4555;-4999,8711
253;2024-04-03 15:32:16,7;789,215;544,7033;660,444;3165,7899;2,4163;-4999,8107
254;2024-04-03 15:32:19,7;791,4758;543,2185;658,8759;3169,5671;2,3733;-4999,9023
255;2024-04-03 15:32:22,7;792,7526;546,6215;659,6246;3193,7443;2,4488;-4999,9042
256;2024-04-03 15:32:25,7;796,3481;546,0019;668,5603;3200,4066;2,4195;-4999,8771
257;2024-04-03 15:32:28,7;798,6677;544,531;666,5885;3203,9833;2,2606;-4999,9096
258;2024-04-03 15:32:31,7;806,7716;545,5008;665,2939;3195,846;2,3687;-4999,9168
259;2024-04-03 15:32:34,7;808,3743;550,0125;664,8013;3193,2531;2,5656;-4999,8551
260;2024-04-03 15:32:37,7;808,4601;551,9362;664,694;3216,1906;2,7176;-4999,8371
261;2024-04-03 15:32:40,7;808,5033;553,5956;664,478;3227,2483;2,4759;-4999,841
262;2024-04-03 15:32:43,7;808,6737;551,4854;664,5008;3227,7607;2,4565;-4999,8666
263;2024-04-03 15:32:46,7;810,3523;550,4078;665,7533;3213,7566;2,3964;-4999,8174
264;2024-04-03 15:32:49,7;810,7337;549,9762;670,1275;3212,6741;2,5007;-4999,9275
265;2024-04-03 15:32:52,7;812,8509;548,5169;671,4078;3218,0326;2,5559;-4999,9017
266;2024-04-03 15:32:55,7;812,8394;550,1269;669,2454;3236,324;2,4727;-4999,8941
267;2024-04-03 15:32:58,7;815,4486;555,2172;666,3469;3246,3406;2,4074;-4999,9764
268;2024-04-03 15:33:01,7;815,6157;556,258;663,0449;3253,7124;2,4666;-4999,9947
269;2024-04-03 15:33:04,7;814,074;554,0753;668,0305;3266,125;2,6061;-4999,9752
270;2024-04-03 15:33:07,7;814,5725;555,8558;671,5525;3261,5686;2,4994;-4999,9761
271;2024-04-03 15:33:10,7;815,7217;555,155;669,4835;3260,9328;2,4978;-4999,9754
272;2024-04-03 15:33:13,7;818,3566;554,5274;668,5961;3274,0345;2,4221;-4999,9945
273;2024-04-03 15:33:16,7;815,7185;554,5709;674,8744;3268,6228;2,6188;-4999,959
274;2024-04-03 15:33:19,7;818,3493;554,1526;676,1594;3282,3768;2,3663;-4999,9634
275;2024-04-03 15:33:22,7;819,0874;554,7505;673,9025;3296,913;2,4558;-4999,8684
276;2024-04-03 15:33:25,7;819,042;556,3579;672,3852;3283,5578;2,3477;-4999,8824
277;2024-04-03 15:33:28,7;821,5475;558,9754;673,1939;3293,7707;2,4212;-4999,9238
278;2024-04-03 15:33:31,7;822,6021;556,0715;673,835;3277,1745;2,4121;-4999,9161
279;2024-04-03 15:33:34,7;822,6374;556,6225;672,8346;3276,1096;2,6114;-4999,8421
280;2024-04-03 15:33:37,7;822,597;556,9683;676,1899;3282,3066;2,4964;-4999,8332
281;2024-04-03 15:33:40,7;825,8485;558,7004;679,8381;3277,0031;2,413;-4999,8454
282;2024-04-03 15:33:43,7;823,9416;558,8293;678,5136;3294,017;2,4351;-4999,8284
283;2024-04-03 15:33:46,7;826,9378;558,1164;679,8309;3303,2054;2,4786;-4999,929
284;2024-04-03 15:33:49,7;828,8772;557,1133;679,8096;3313,6936;2,5076;-4999,9236
285;2024-04-03 15:33:52,7;826,9333;556,5208;677,4063;3327,1954;2,4663;-4999,983
286;2024-04-03 15:33:55,7;826,2856;559,7449;680,2625;3335,7878;2,3679;-4999,9812
287;2024-04-03 15:33:58,7;829,8347;558,6792;682,2103;3336,3076;2,4626;-4999,9482
288;2024-04-03 15:34:01,7;831,3325;562,1713;680,4718;3336,6918;2,3776;-4999,971
289;2024-04-03 15:34:04,7;830,9054;565,5093;678,8459;3333,6178;2,5607;-4999,9935
290;2024-04-03 15:34:07,7;829,6674;564,4857;678,84;3320,6772;2,5044;-4999,9986
291;2024-04-03 15:34:10,7;830,3827;564,3321;681,1463;3333,2893;2,6553;-4999,9229
292;2024-04-03 15:34:13,7;831,9191;562,2643;681,4295;3355,2669;2,4895;-4999,9029
293;2024-04-03 15:34:16,7;830,994;559,6692;681,0189;3348,3791;2,4815;-4999,8689
294;2024-04-03 15:34:19,7;831,6493;562,7756;680,8605;3341,8794;2,6426;-4999,8753
295;2024-04-03 15:34:22,7;833,9954;564,9262;679,7565;3328,1478;2,5218;-4999,9538
296;2024-04-03 15:34:25,7;834,1001;563,6638;679,5476;3325,7365;2,3985;-4999,9224
297;2024-04-03 15:34:28,7;834,9981;562,1187;680,0269;3327,3132;2,3603;-4999,9025
298;2024-04-03 15:34:31,7;838,689;563,6977;682,4895;3331,3549;2,5209;-4999,8683
299;2024-04-03 15:34:34,7;836,0123;564,0124;685,478;3341,7876;2,4058;-4999,9181
300;2024-04-03 15:34:37,7;835,9251;564,1703;686,8801;3356,336;2,4685;-4999,9154
301;2024-04-03 15:34:40,7;839,3787;564,6756;691,2211;3348,9895;2,5425;-4999,9104
302;2024-04-03 15:34:43,7;841,2583;566,6651;691,3751;3351,2195;2,46;-4999,9657
303;2024-04-03 15:34:46,7;838,6112;565,2929;685,6055;3360,6865;2,5063;-4999,8522
304;2024-04-03 15:34:49,7;840,3488;567,1429;687,415;3360,5944;2,4336;-4999,8662
305;2024-04-03 15:34:52,7;840,8567;565,4231;690,7456;3357,6585;2,4371;-4999,8738
306;2024-04-03 15:34:55,7;841,043;565,829;689,5657;3376,6728;2,3491;-4999,9299
307;2024-04-03 15:34:58,7;842,8599;566,4252;689,4449;3373,8936;2,3447;-4999,8894
308;2024-04-03 15:35:01,7;844,7884;566,4729;689,3262;3382,1476;2,4764;-4999,8477
309;2024-04-03 15:35:04,7;841,9613;566,426;692,3489;3385,5124;2,4122;-4999,8352
310;2024-04-03 15:35:44,1;852,5343;567,0012;688,1869;3409,3068;2,5069;-4999,7868
